{
  "name": {
    "x": 0.007477945901735117,
    "y": 0.008139041966935143,
    "w": 0.42250394344803416,
    "h": 0.10309453158117847
  },
  "hp": {
    "x": 0.588202528825266,
    "y": 0.0077600840675774,
    "w": 0.38144042778365733,
    "h": 0.08536092474335139
  },
  "evolves_from": {
    "x": 0.0,
    "y": 0.010346778756769865,
    "w": 0.39926474683896845,
    "h": 0.06466736722981166
  },
  "ability_name": {
    "x": 0.054825813820673905,
    "y": 0.5613647351336418,
    "w": 0.8863506567675613,
    "h": 0.2851025623316527
  },
  "ability_text": {
    "x": 0.057871692366266894,
    "y": 0.5105324953380759,
    "w": 0.8863506567675613,
    "h": 0.38013674977553696
  },
  "attacks": {
    "x": 0.054825813820673905,
    "y": 0.5149526901029077,
    "w": 0.8863506567675613,
    "h": 0.3757165550107052
  },
  "set_code": {
    "x": 0.15229392727964972,
    "y": 0.9194005110850196,
    "w": 0.13706453455168474,
    "h": 0.057462531942813706
  },
  "set_name": {
    "x": 0.07310108509423187,
    "y": 0.9127702189377719,
    "w": 0.0974681134589758,
    "h": 0.055252434560397766
  },
  "card_number": {
    "x": 0.030458785455929942,
    "y": 0.9061399267905242,
    "w": 0.27108319055777647,
    "h": 0.0685130188548933
  },
  "artist": {
    "x": 0.024367028364743956,
    "y": 0.8818288555839492,
    "w": 0.21016561964591662,
    "h": 0.05083223979556599
  },
  "weakness": {
    "x": 0.038929440389294405,
    "y": 0.8409044611937259,
    "w": 0.4192401272693244,
    "h": 0.049976234127792445
  },
  "resistance": {
    "x": 0.4911098633726371,
    "y": 0.8452502206830992,
    "w": 0.4521804229833427,
    "h": 0.049976234127792445
  },
  "retreat": {
    "x": 0.6049036122028824,
    "y": 0.8409044611937259,
    "w": 0.19764177428411003,
    "h": 0.03911183540435929
  },
  "notes": {
    "x": 0.0059891446752760626,
    "y": 0.893053575066205,
    "w": 0.9522740033688939,
    "h": 0.09995246825558499
  }
}